Species,Height,Width,Biomass
PHAU,70,3.7,1.72
PHAU,79,3.7,2.83
PHAU,89,3.5,3.26
PHAU,94,3.8,4.28
PHAU,110,3.6,4.03
PHAU,134,4.2,5.05
PHAU,138,4.2,6.573
PHAU,157,3.81,8.21
PHAU,169,4.8,7.9
PHAU,157,5.5,9.64
PHAU,167,4.86,11.23
PHAU,167,5.4,10.23
PHAU,166,6,13.05
PHAU,183,5.7,15.34
PHAU,226,5.41,15.87
PHAU,199,6.6,17.41
PHAU,204,4.78,16.14
PHAU,247,6.2,18.39
PHAU,219,7.1,23.92
PHAU,221,5.67,19.67
PHAU,248,6.09,19.44
PHAU,252,7.2,28.94
PHAU,263,8.2,28.14
PHAU,265,9.2,25.2
PHAU,262,6.6,30.52
PHAU,263,8.3,33.61
PHAU,278,6.96,35.93
PHAU,316,8.46,43.69
PHAU,339,8.6,48.17
PHAU,352,9.1,51.2
SCAM,12,2.3,0.03
SCAM,30,1.8,0.13
SCAM,71,2,0.1689
SCAM,54,2.7,0.178
SCAM,53,3.2,0.18
SCAM,71,2.6,0.232
SCAM,63,3,0.268
SCAM,79,2.7,0.308
SCAM,71,2.5,0.314
SCAM,68,2.5,0.401
SCAM,76,3.1,0.427
SCAM,82,2.9,0.43
SCAM,79,3.5,0.477
SCAM,90,2.9,0.516
SCAM,64,4.4,0.536
SCAM,87,3.8,0.581
SCAM,97,3.8,0.591
SCAM,93,2.3,0.612
SCAM,96,3.4,0.6854
SCAM,96,3.3,0.754
SCAM,97,3.5,0.78
SCAM,98,3.7,0.825
SCAM,95,3.1,0.895
SCAM,78,4,0.9605
SCAM,108,4.4,1.01
SCAM,107,3.5,1.0132
SCAM,144,3.8,1.14
SCAM,116,4.2,1.2962
SCAM,93,4.8,1.355
SCAM,157,5.4,2.09
SPAL,84,1.3,1.44
SPAL,88,0.2,1.22
SPAL,94,1,1.32
SPAL,90,1,1.71
SPAL,88,0.1,1.49
SPAL,84,4.5,1.45
SPAL,85,0.5,2.1
SPAL,92,1.8,2.01
SPAL,102,1.7,2.05
SPAL,105,2.8,2.12
SPAL,93,2.8,2.53
SPAL,111,1.5,2.17
SPAL,113,0.7,3.02
SPAL,100,0.7,2.74
SPAL,104,3.7,3.41
SPAL,101,4.6,3.32
SPAL,105,1,3.04
SPAL,110,3.2,3.49
SPAL,112,5.4,3.72
SPAL,96,3.4,3.59
SPAL,120,4.1,3.75
SPAL,118,4.5,3.96
SPAL,124,4.3,4.26
SPAL,122,4.5,5.04
SPAL,119,3.2,4.74
SPAL,118,3.9,4.85
SPAL,130,5.5,6.64
SPAL,120,4,5.3
SPCY,165,4.9,6.41
SPCY,82,2.54,4.12
SPCY,183,5.3,8.76
SPCY,181,4.9,10.53
SPCY,207,4.9,11.93
SPCY,187,6.1,11.55
SPCY,205,5.1,12.61
SPCY,185,5.4,11.99
SPCY,193,5.2,13.23
SPCY,213,5.1,14.43
SPCY,184,5.2,14.1
SPCY,212,5.2,13.46
SPCY,201,5.2,16.28
SPCY,205,7.1,16.96
SPCY,190,5.5,14.98
SPCY,220,6.4,18.55
SPCY,210,8.5,18.45
SPCY,213,5.3,18.02
SPCY,200,7.1,21.25
SPCY,204,5.5,22.23
SPCY,220,6.4,23
SPCY,209,10.7,26.93
SPCY,242,5.4,23.3
SPCY,283,8.5,24.74
SPCY,259,8.5,32.88
SPCY,240,8,30.04
SPCY,249,7.5,28.04
SPCY,250,9.7,36.65
SPCY,270,10.5,58.36
SPCY,287,9,34.4
TYAN,120,4.6,2.12
TYAN,99,2.6,2.33
TYAN,119,3.4,2.23
TYAN,133,4.5,3.36
TYAN,167,8.1,4.53
TYAN,142,5.6,4.14
TYAN,181,4.5,4.72
TYAN,168,6.5,4.54
TYAN,185,5.9,4.66
TYAN,174,5.5,4.89
TYAN,132,5.1,4.8
TYAN,181,8,5.09
TYAN,94,6.6,5.47
TYAN,145,11.2,5.69
TYAN,164,7.1,5.73
TYAN,153,8.3,5.75
TYAN,113,6.5,5.75
TYAN,147,8.5,5.91
TYAN,158,6.7,6.74
TYAN,230,8.4,7.01
TYAN,159,8.9,6.09
TYAN,163,12.5,8.18
TYAN,162,5.6,7.12
TYAN,142,9.4,8.03
TYAN,197,15.1,10.52
TYAN,182,10,8.55
TYAN,246,9.2,8.86
TYAN,182,18.6,12.97
TYAN,214,14.2,14.18
TYAN,193,17.6,13.01
AMCA,26,-99,0.031
AMCA,39,-99,0.34
AMCA,51,2,0.31
AMCA,51,1.7,0.39
AMCA,57,1.9,0.69
AMCA,81,2.4,0.4
AMCA,73,3.3,0.76
AMCA,74,5.5,0.84
AMCA,104,2.7,0.877
AMCA,65,3.8,1.16
AMCA,96,3.5,1.04
AMCA,110,4,1.04
AMCA,65,4.6,1.71
AMCA,84,6,1.55
AMCA,101,4.1,1.91
AMCA,86,7.3,2.4
AMCA,86,4.3,3.09
AMCA,101,6.1,2.21
AMCA,89,5.2,4.98
AMCA,110,7.9,4.63
AMCA,127,9.2,5.28
AMCA,142,11.8,10.6
AMCA,151,10.1,7.54
AMCA,159,9.7,9.06
AMCA,130,9.2,21.05
AMCA,147,10.4,27.66
AMCA,169,17.2,17.18
AMCA,120,14.1,33.91
AMCA,158,14.8,130.85
AMCA,211,20.7,37.6
ATPA,26,-99,0.05
ATPA,40,0.3,0.1
ATPA,42,1,0.16
ATPA,26,-99,0.22
ATPA,41,1.5,0.249
ATPA,67,1.3,0.25
ATPA,49,1.2,0.42
ATPA,67,1.3,0.45
ATPA,80,1.7,0.4
ATPA,65,0.8,0.51
ATPA,75,1.9,0.63
ATPA,80,2.2,0.58
ATPA,84,1.6,0.72
ATPA,86,1.9,0.66
ATPA,90,1.9,0.78
ATPA,61,2,0.808
ATPA,72,2.2,0.86
ATPA,76,2,0.927
ATPA,60,2,1.09
ATPA,77,2,1.07
ATPA,82,2.1,1.02
ATPA,80,1.4,1.431
ATPA,82,2,1.598
ATPA,107,2.3,1.28
ATPA,121,2.6,2.22
ATPA,128,3.1,2.068
ATPA,140,2.1,2.431
ATPA,152,2.8,7.66
ATPA,178,3.2,27.22
ATPA,188,2.5,11.75
KOVI,31,-99,0.33
KOVI,53,2.4,0.97
KOVI,54,1.7,0.74
KOVI,131,2.8,1.95
KOVI,66,2.6,1.59
KOVI,71,1.2,1.81
KOVI,58,4.4,2.5
KOVI,74,2.9,3.26
KOVI,65,3.4,2.25
KOVI,84,3.9,4.527
KOVI,109,6.9,4.9
KOVI,71,3,3.8
KOVI,96,8,7.05
KOVI,129,7.3,6.81
KOVI,114,4.7,5.68
KOVI,121,6.4,8.94
KOVI,103,5.6,7.53
KOVI,124,6.1,9.1
KOVI,131,9.4,13.67
KOVI,105,5.5,13.23
KOVI,123,6.4,13.91
KOVI,127,7.3,16.3
KOVI,175,4.6,15.84
KOVI,131,3.5,17.56
KOVI,134,9.8,18.98
KOVI,132,10,24.53
KOVI,140,8.8,24.05
KOVI,105,6.6,33.73
KOVI,231,13.7,89.54
KOVI,232,8.4,45.33
POHY,29,-99,0.07
POHY,30,-99,0.07
POHY,35,-99,0.07
POHY,9,-99,0.15
POHY,18,-99,0.25
POHY,39,-99,0.18
POHY,50,1,0.33
POHY,53,0.92,0.33
POHY,57,0.8,0.33
POHY,42,1.2,0.39
POHY,46,1.3,0.39
POHY,56,1.15,0.37
POHY,37,-99,0.41
POHY,46,1.2,0.39
POHY,53,1.3,0.39
POHY,49,1.52,0.6
POHY,52,1.73,0.65
POHY,55,1.1,0.5
POHY,57,1.9,0.75
POHY,57,1.21,0.77
POHY,60,1.4,0.86
POHY,56,1.4,1.04
POHY,61,1.46,1.04
POHY,71,0.1,1.04
POHY,68,1.72,1.84
POHY,73,1.7,3.09
POHY,77,1.6,1.9
POHY,75,2.38,5.67
POHY,79,2.4,8.9
POHY,93,2.2,9.06
SOSE,43,0.5,1.3
SOSE,45,2.93,1.65
SOSE,55,2.1,1.85
SOSE,47,1.3,2.47
SOSE,52,2.99,2.38
SOSE,54,2.86,2.52
SOSE,45,2.21,3.1
SOSE,63,2.74,3.1
SOSE,66,2.9,3.24
SOSE,54,2.86,3.45
SOSE,64,4.2,3.77
SOSE,65,2.54,3.7
SOSE,56,3.8,4.47
SOSE,56,3.3,4.83
SOSE,70,3,4.32
SOSE,60,5,5.08
SOSE,64,3.59,5.4
SOSE,85,5.6,5.19
SOSE,66,5.2,5.74
SOSE,75,4.6,6.67
SOSE,77,3.3,6.1
SOSE,83,3.1,7.02
SOSE,85,3.2,6.87
SOSE,92,4.3,7.32
SOSE,86,5.7,10.1
SOSE,107,5.3,10.21
SOSE,130,6.4,13.35
SOSE,95,7.9,15.76
SOSE,96,9.3,25.93
SOSE,114,7.2,20.99
